-- Wikidata adaptation import
-- Generated: 2026-03-14T08:57:41.473Z
-- Run the genre migration (00003_phase4_genres.sql) before this file

-- ============================================================
-- BOOKS (from Wikidata)
-- ============================================================
INSERT INTO books (id, title, author, isbn, cover_image_url) VALUES ('b2000001-0000-0000-0000-000000000001', 'The Running Man', 'Stephen King', null, null) ON CONFLICT DO NOTHING;
INSERT INTO books (id, title, author, isbn, cover_image_url) VALUES ('b2000001-0000-0000-0000-000000000002', 'The Old Man and the Sea', 'Ernest Hemingway', null, null) ON CONFLICT DO NOTHING;
INSERT INTO books (id, title, author, isbn, cover_image_url) VALUES ('b2000001-0000-0000-0000-000000000003', 'The Raven', 'Edgar Allan Poe', null, null) ON CONFLICT DO NOTHING;
INSERT INTO books (id, title, author, isbn, cover_image_url) VALUES ('b2000001-0000-0000-0000-000000000004', 'Faust', 'Johann Wolfgang von Goethe', null, null) ON CONFLICT DO NOTHING;
INSERT INTO books (id, title, author, isbn, cover_image_url) VALUES ('b2000001-0000-0000-0000-000000000005', 'The Little Prince', 'Antoine de Saint-Exupéry', null, null) ON CONFLICT DO NOTHING;
INSERT INTO books (id, title, author, isbn, cover_image_url) VALUES ('b2000001-0000-0000-0000-000000000006', 'The Beast in the Jungle', 'Henry James', null, null) ON CONFLICT DO NOTHING;
INSERT INTO books (id, title, author, isbn, cover_image_url) VALUES ('b2000001-0000-0000-0000-000000000007', 'Roads We Take', 'O. Henry', null, null) ON CONFLICT DO NOTHING;
INSERT INTO books (id, title, author, isbn, cover_image_url) VALUES ('b2000001-0000-0000-0000-000000000008', 'World War Z', 'Max Brooks', null, null) ON CONFLICT DO NOTHING;
INSERT INTO books (id, title, author, isbn, cover_image_url) VALUES ('b2000001-0000-0000-0000-000000000009', 'Fathers and Sons', 'Ivan Turgenev', null, null) ON CONFLICT DO NOTHING;
INSERT INTO books (id, title, author, isbn, cover_image_url) VALUES ('b2000001-0000-0000-0000-00000000000a', 'The Day of the Jackal', 'Q249197', null, null) ON CONFLICT DO NOTHING;
INSERT INTO books (id, title, author, isbn, cover_image_url) VALUES ('b2000001-0000-0000-0000-00000000000b', 'A Pocket Full of Rye', 'Agatha Christie', null, null) ON CONFLICT DO NOTHING;
INSERT INTO books (id, title, author, isbn, cover_image_url) VALUES ('b2000001-0000-0000-0000-00000000000c', 'Dr. No', 'Ian Fleming', null, null) ON CONFLICT DO NOTHING;
INSERT INTO books (id, title, author, isbn, cover_image_url) VALUES ('b2000001-0000-0000-0000-00000000000d', 'Paradise Lost', 'John Milton', null, null) ON CONFLICT DO NOTHING;
INSERT INTO books (id, title, author, isbn, cover_image_url) VALUES ('b2000001-0000-0000-0000-00000000000e', 'The Betrothed', 'Alessandro Manzoni', null, null) ON CONFLICT DO NOTHING;
INSERT INTO books (id, title, author, isbn, cover_image_url) VALUES ('b2000001-0000-0000-0000-00000000000f', 'One Day in the Life of Ivan Denisovich', 'Aleksandr Solzhenitsyn', null, null) ON CONFLICT DO NOTHING;
INSERT INTO books (id, title, author, isbn, cover_image_url) VALUES ('b2000001-0000-0000-0000-000000000010', 'Thérèse Desqueyroux', 'François Mauriac', null, null) ON CONFLICT DO NOTHING;
INSERT INTO books (id, title, author, isbn, cover_image_url) VALUES ('b2000001-0000-0000-0000-000000000011', 'Tomb of the Lion', 'Yanka Kupala', null, null) ON CONFLICT DO NOTHING;
INSERT INTO books (id, title, author, isbn, cover_image_url) VALUES ('b2000001-0000-0000-0000-000000000012', 'Hansel and Gretel', 'Wilhelm Grimm', null, null) ON CONFLICT DO NOTHING;
INSERT INTO books (id, title, author, isbn, cover_image_url) VALUES ('b2000001-0000-0000-0000-000000000013', 'Iliad', 'Homer', null, null) ON CONFLICT DO NOTHING;
INSERT INTO books (id, title, author, isbn, cover_image_url) VALUES ('b2000001-0000-0000-0000-000000000014', 'Mother Hulda', 'Jacob Grimm', null, null) ON CONFLICT DO NOTHING;
INSERT INTO books (id, title, author, isbn, cover_image_url) VALUES ('b2000001-0000-0000-0000-000000000015', 'King Thrushbeard', 'Wilhelm Grimm', null, null) ON CONFLICT DO NOTHING;
INSERT INTO books (id, title, author, isbn, cover_image_url) VALUES ('b2000001-0000-0000-0000-000000000016', 'The Hunger Games', 'Suzanne Collins', null, null) ON CONFLICT DO NOTHING;
INSERT INTO books (id, title, author, isbn, cover_image_url) VALUES ('b2000001-0000-0000-0000-000000000017', 'The Emperor''s New Clothes', 'Hans Christian Andersen', null, null) ON CONFLICT DO NOTHING;
INSERT INTO books (id, title, author, isbn, cover_image_url) VALUES ('b2000001-0000-0000-0000-000000000018', 'Heart', 'Edmondo de Amicis', null, null) ON CONFLICT DO NOTHING;
INSERT INTO books (id, title, author, isbn, cover_image_url) VALUES ('b2000001-0000-0000-0000-000000000019', 'Snow White', 'Brothers Grimm', null, null) ON CONFLICT DO NOTHING;
INSERT INTO books (id, title, author, isbn, cover_image_url) VALUES ('b2000001-0000-0000-0000-00000000001a', 'The Snow Queen', 'Hans Christian Andersen', null, null) ON CONFLICT DO NOTHING;
INSERT INTO books (id, title, author, isbn, cover_image_url) VALUES ('b2000001-0000-0000-0000-00000000001b', 'The Hundred and One Dalmatians', 'Dodie Smith', null, null) ON CONFLICT DO NOTHING;
INSERT INTO books (id, title, author, isbn, cover_image_url) VALUES ('b2000001-0000-0000-0000-00000000001c', 'Thumbelina', 'Hans Christian Andersen', null, null) ON CONFLICT DO NOTHING;
INSERT INTO books (id, title, author, isbn, cover_image_url) VALUES ('b2000001-0000-0000-0000-00000000001d', 'The Little Mermaid', 'Hans Christian Andersen', null, null) ON CONFLICT DO NOTHING;
INSERT INTO books (id, title, author, isbn, cover_image_url) VALUES ('b2000001-0000-0000-0000-00000000001e', 'Harry Potter and the Philosopher''s Stone', 'Q34660', null, null) ON CONFLICT DO NOTHING;
INSERT INTO books (id, title, author, isbn, cover_image_url) VALUES ('b2000001-0000-0000-0000-00000000001f', 'Dracula', 'Bram Stoker', null, null) ON CONFLICT DO NOTHING;
INSERT INTO books (id, title, author, isbn, cover_image_url) VALUES ('b2000001-0000-0000-0000-000000000020', 'The Trial', 'Franz Kafka', null, null) ON CONFLICT DO NOTHING;
INSERT INTO books (id, title, author, isbn, cover_image_url) VALUES ('b2000001-0000-0000-0000-000000000021', 'Odyssey', 'Homer', null, null) ON CONFLICT DO NOTHING;
INSERT INTO books (id, title, author, isbn, cover_image_url) VALUES ('b2000001-0000-0000-0000-000000000022', 'Cloud Atlas', 'Q40479', null, null) ON CONFLICT DO NOTHING;
INSERT INTO books (id, title, author, isbn, cover_image_url) VALUES ('b2000001-0000-0000-0000-000000000023', 'Gospel of Luke', 'Luke the Evangelist', null, null) ON CONFLICT DO NOTHING;
INSERT INTO books (id, title, author, isbn, cover_image_url) VALUES ('b2000001-0000-0000-0000-000000000024', 'Dream of the Red Chamber', 'Cao Xueqin', null, null) ON CONFLICT DO NOTHING;
INSERT INTO books (id, title, author, isbn, cover_image_url) VALUES ('b2000001-0000-0000-0000-000000000025', 'The Frog Prince', 'Wilhelm Grimm', null, null) ON CONFLICT DO NOTHING;

-- ============================================================
-- SCREEN MEDIA (from Wikidata)
-- ============================================================
INSERT INTO screen_media (id, title, type, director, release_date) VALUES ('d2000001-0000-0000-0000-000000000001', 'The Running Man', 'film', 'Edgar Wright', '2025-11-05') ON CONFLICT DO NOTHING;
INSERT INTO screen_media (id, title, type, director, release_date) VALUES ('d2000001-0000-0000-0000-000000000002', 'The Old Man and the Sea', 'film', 'John Sturges', '1958-10-17') ON CONFLICT DO NOTHING;
INSERT INTO screen_media (id, title, type, director, release_date) VALUES ('d2000001-0000-0000-0000-000000000003', 'The Running Man', 'film', 'Paul Michael Glaser', '1987-11-13') ON CONFLICT DO NOTHING;
INSERT INTO screen_media (id, title, type, director, release_date) VALUES ('d2000001-0000-0000-0000-000000000004', 'The Raven', 'film', 'Lew Landers', '1935-01-01') ON CONFLICT DO NOTHING;
INSERT INTO screen_media (id, title, type, director, release_date) VALUES ('d2000001-0000-0000-0000-000000000005', 'Phantom of the Paradise', 'film', 'Brian De Palma', '1974-11-01') ON CONFLICT DO NOTHING;
INSERT INTO screen_media (id, title, type, director, release_date) VALUES ('d2000001-0000-0000-0000-000000000006', 'The Little Prince', 'film', 'Stanley Donen', '1974-01-01') ON CONFLICT DO NOTHING;
INSERT INTO screen_media (id, title, type, director, release_date) VALUES ('d2000001-0000-0000-0000-000000000007', 'The Beast in the Jungle', 'film', 'Patric Chiha', '2023-08-16') ON CONFLICT DO NOTHING;
INSERT INTO screen_media (id, title, type, director, release_date) VALUES ('d2000001-0000-0000-0000-000000000008', 'Strictly Business', 'film', 'Leonid Gaidai', '1963-05-27') ON CONFLICT DO NOTHING;
INSERT INTO screen_media (id, title, type, director, release_date) VALUES ('d2000001-0000-0000-0000-000000000009', 'World War Z', 'film', 'Marc Forster', '2013-06-02') ON CONFLICT DO NOTHING;
INSERT INTO screen_media (id, title, type, director, release_date) VALUES ('d2000001-0000-0000-0000-00000000000a', 'Fathers and Sons (1983 film)', 'film', 'Vyacheslav Nikiforov', '1983-01-01') ON CONFLICT DO NOTHING;
INSERT INTO screen_media (id, title, type, director, release_date) VALUES ('d2000001-0000-0000-0000-00000000000b', 'The Day of the Jackal', 'film', 'Fred Zinnemann', '1973-01-01') ON CONFLICT DO NOTHING;
INSERT INTO screen_media (id, title, type, director, release_date) VALUES ('d2000001-0000-0000-0000-00000000000c', 'Secret of the Black Birds', 'film', 'Vadim Derbenyov', '1983-11-21') ON CONFLICT DO NOTHING;
INSERT INTO screen_media (id, title, type, director, release_date) VALUES ('d2000001-0000-0000-0000-00000000000d', 'Fathers and Sons', 'film', 'Adolf Bergunker', '1960-01-08') ON CONFLICT DO NOTHING;
INSERT INTO screen_media (id, title, type, director, release_date) VALUES ('d2000001-0000-0000-0000-00000000000e', 'Dr. No', 'film', 'Terence Young', '1963-05-08') ON CONFLICT DO NOTHING;
INSERT INTO screen_media (id, title, type, director, release_date) VALUES ('d2000001-0000-0000-0000-00000000000f', 'Satan', 'film', 'Luigi Maggi', '1912-01-01') ON CONFLICT DO NOTHING;
INSERT INTO screen_media (id, title, type, director, release_date) VALUES ('d2000001-0000-0000-0000-000000000010', 'The Betrothed', 'film', 'Mario Camerini', '1941-12-19') ON CONFLICT DO NOTHING;
INSERT INTO screen_media (id, title, type, director, release_date) VALUES ('d2000001-0000-0000-0000-000000000011', 'The Raven', 'film', 'Roger Corman', '1963-01-25') ON CONFLICT DO NOTHING;
INSERT INTO screen_media (id, title, type, director, release_date) VALUES ('d2000001-0000-0000-0000-000000000012', 'The Beast', 'film', 'Bertrand Bonello', '2023-09-03') ON CONFLICT DO NOTHING;
INSERT INTO screen_media (id, title, type, director, release_date) VALUES ('d2000001-0000-0000-0000-000000000013', '100 minutes from the life of Ivan Denisovich', 'film', 'Gleb Panfilov', '2021-08-13') ON CONFLICT DO NOTHING;
INSERT INTO screen_media (id, title, type, director, release_date) VALUES ('d2000001-0000-0000-0000-000000000014', 'One Day in the Life of Ivan Denisovich', 'film', 'Caspar Wrede', '1970-11-26') ON CONFLICT DO NOTHING;
INSERT INTO screen_media (id, title, type, director, release_date) VALUES ('d2000001-0000-0000-0000-000000000015', 'The Green Room', 'film', 'François Truffaut', '1978-04-05') ON CONFLICT DO NOTHING;
INSERT INTO screen_media (id, title, type, director, release_date) VALUES ('d2000001-0000-0000-0000-000000000016', 'The Little Prince', 'film', 'Arūnas Žebriūnas', '1966-01-01') ON CONFLICT DO NOTHING;
INSERT INTO screen_media (id, title, type, director, release_date) VALUES ('d2000001-0000-0000-0000-000000000017', 'Faustina', 'film', 'José Luis Sáenz de Heredia', '1957-05-13') ON CONFLICT DO NOTHING;
INSERT INTO screen_media (id, title, type, director, release_date) VALUES ('d2000001-0000-0000-0000-000000000018', 'Faust', 'film', 'Alexander Sokurov', '2011-09-08') ON CONFLICT DO NOTHING;
INSERT INTO screen_media (id, title, type, director, release_date) VALUES ('d2000001-0000-0000-0000-000000000019', 'Thérèse Desqueyroux', 'film', 'Claude Miller', '2012-05-27') ON CONFLICT DO NOTHING;
INSERT INTO screen_media (id, title, type, director, release_date) VALUES ('d2000001-0000-0000-0000-00000000001a', 'The Last Faust', 'film', 'Philipp Humm', '2019-12-02') ON CONFLICT DO NOTHING;
INSERT INTO screen_media (id, title, type, director, release_date) VALUES ('d2000001-0000-0000-0000-00000000001b', 'Hansel and Gretel', 'film', 'Len Talan', '1987-01-01') ON CONFLICT DO NOTHING;
INSERT INTO screen_media (id, title, type, director, release_date) VALUES ('d2000001-0000-0000-0000-00000000001c', 'Helena', 'film', 'Manfred Noa', '1924-01-01') ON CONFLICT DO NOTHING;
INSERT INTO screen_media (id, title, type, director, release_date) VALUES ('d2000001-0000-0000-0000-00000000001d', 'The Feather Fairy', 'film', 'Juraj Jakubisko', '2010-10-29') ON CONFLICT DO NOTHING;
INSERT INTO screen_media (id, title, type, director, release_date) VALUES ('d2000001-0000-0000-0000-00000000001e', 'The Fury of Achilles', 'film', 'Marino Girolami', '1962-01-01') ON CONFLICT DO NOTHING;
INSERT INTO screen_media (id, title, type, director, release_date) VALUES ('d2000001-0000-0000-0000-00000000001f', 'Hansel & Gretel: Witch Hunters', 'film', 'Tommy Wirkola', '2013-01-17') ON CONFLICT DO NOTHING;
INSERT INTO screen_media (id, title, type, director, release_date) VALUES ('d2000001-0000-0000-0000-000000000020', 'Hansel and Gretel', 'film', 'Fritz Genschow', '1954-08-27') ON CONFLICT DO NOTHING;
INSERT INTO screen_media (id, title, type, director, release_date) VALUES ('d2000001-0000-0000-0000-000000000021', 'The Hunger Games', 'film', 'Gary Ross', '2012-03-21') ON CONFLICT DO NOTHING;
INSERT INTO screen_media (id, title, type, director, release_date) VALUES ('d2000001-0000-0000-0000-000000000022', 'The Emperor''s New Clothes', 'film', 'David Irving', '1987-01-01') ON CONFLICT DO NOTHING;
INSERT INTO screen_media (id, title, type, director, release_date) VALUES ('d2000001-0000-0000-0000-000000000023', 'Hansel and Gretel', 'film', 'Walter Janssen', '1954-01-01') ON CONFLICT DO NOTHING;
INSERT INTO screen_media (id, title, type, director, release_date) VALUES ('d2000001-0000-0000-0000-000000000024', 'Heart', 'film', 'Vittorio De Sica', '1948-01-01') ON CONFLICT DO NOTHING;
INSERT INTO screen_media (id, title, type, director, release_date) VALUES ('d2000001-0000-0000-0000-000000000025', 'Mirror Mirror', 'film', 'Tarsem Singh', '2012-03-15') ON CONFLICT DO NOTHING;
INSERT INTO screen_media (id, title, type, director, release_date) VALUES ('d2000001-0000-0000-0000-000000000026', 'The Snow Queen', 'film', 'Vladlen Barbe', '2012-12-31') ON CONFLICT DO NOTHING;
INSERT INTO screen_media (id, title, type, director, release_date) VALUES ('d2000001-0000-0000-0000-000000000027', 'Snow White & 7 Dwarfs', 'film', 'Luca Damiano', '1995-01-01') ON CONFLICT DO NOTHING;
INSERT INTO screen_media (id, title, type, director, release_date) VALUES ('d2000001-0000-0000-0000-000000000028', '101 Dalmatians', 'film', 'Stephen Herek', '1996-11-27') ON CONFLICT DO NOTHING;
INSERT INTO screen_media (id, title, type, director, release_date) VALUES ('d2000001-0000-0000-0000-000000000029', 'Mother Holly', 'film', 'Peter Podehl', '1961-11-12') ON CONFLICT DO NOTHING;
INSERT INTO screen_media (id, title, type, director, release_date) VALUES ('d2000001-0000-0000-0000-00000000002a', 'Dyuymovochka', 'film', 'Leonid Nechayev', '2007-01-01') ON CONFLICT DO NOTHING;
INSERT INTO screen_media (id, title, type, director, release_date) VALUES ('d2000001-0000-0000-0000-00000000002b', 'König Drosselbart', 'film', 'Walter Beck', '1965-01-01') ON CONFLICT DO NOTHING;
INSERT INTO screen_media (id, title, type, director, release_date) VALUES ('d2000001-0000-0000-0000-00000000002c', '102 Dalmatians', 'film', 'Kevin Lima', '2000-11-22') ON CONFLICT DO NOTHING;
INSERT INTO screen_media (id, title, type, director, release_date) VALUES ('d2000001-0000-0000-0000-00000000002d', 'Sydney White', 'film', 'Joe Nussbaum', '2007-01-01') ON CONFLICT DO NOTHING;
INSERT INTO screen_media (id, title, type, director, release_date) VALUES ('d2000001-0000-0000-0000-00000000002e', 'Blancanieves', 'film', 'Pablo Berger', '2012-09-08') ON CONFLICT DO NOTHING;
INSERT INTO screen_media (id, title, type, director, release_date) VALUES ('d2000001-0000-0000-0000-00000000002f', 'Helen of Troy', 'film', 'Robert Wise', '1956-01-01') ON CONFLICT DO NOTHING;
INSERT INTO screen_media (id, title, type, director, release_date) VALUES ('d2000001-0000-0000-0000-000000000030', 'The Little Mermaid', 'film', 'Vladimir Bychkov', '1976-12-17') ON CONFLICT DO NOTHING;
INSERT INTO screen_media (id, title, type, director, release_date) VALUES ('d2000001-0000-0000-0000-000000000031', 'Snow White', 'film', 'Michael Berz', '1987-01-01') ON CONFLICT DO NOTHING;
INSERT INTO screen_media (id, title, type, director, release_date) VALUES ('d2000001-0000-0000-0000-000000000032', 'Fantasia 3', 'film', 'Eloy de la Iglesia', '1966-01-01') ON CONFLICT DO NOTHING;
INSERT INTO screen_media (id, title, type, director, release_date) VALUES ('d2000001-0000-0000-0000-000000000033', 'The Nightingale', 'film', 'Nadezhda Kosheverova', '1980-06-01') ON CONFLICT DO NOTHING;
INSERT INTO screen_media (id, title, type, director, release_date) VALUES ('d2000001-0000-0000-0000-000000000034', 'Pamuk Prenses ve 7 Cüceler', 'film', 'Ertem Göreç', '1970-01-01') ON CONFLICT DO NOTHING;
INSERT INTO screen_media (id, title, type, director, release_date) VALUES ('d2000001-0000-0000-0000-000000000035', 'Troy', 'film', 'Wolfgang Petersen', '2004-01-01') ON CONFLICT DO NOTHING;
INSERT INTO screen_media (id, title, type, director, release_date) VALUES ('d2000001-0000-0000-0000-000000000036', 'Schneewittchen und die sieben Zwerge', 'film', 'Gottfried Kolditz', '1962-01-01') ON CONFLICT DO NOTHING;
INSERT INTO screen_media (id, title, type, director, release_date) VALUES ('d2000001-0000-0000-0000-000000000037', 'Harry Potter and the Philosopher''s Stone', 'film', 'Chris Columbus', '2001-11-04') ON CONFLICT DO NOTHING;
INSERT INTO screen_media (id, title, type, director, release_date) VALUES ('d2000001-0000-0000-0000-000000000038', 'Nosferatu the Vampyre', 'film', 'Werner Herzog', '1979-01-01') ON CONFLICT DO NOTHING;
INSERT INTO screen_media (id, title, type, director, release_date) VALUES ('d2000001-0000-0000-0000-000000000039', 'The Legend of the 7 Golden Vampires', 'film', 'Chang Cheh', '1974-07-11') ON CONFLICT DO NOTHING;
INSERT INTO screen_media (id, title, type, director, release_date) VALUES ('d2000001-0000-0000-0000-00000000003a', 'The Trial', 'film', 'Orson Welles', '1963-02-20') ON CONFLICT DO NOTHING;
INSERT INTO screen_media (id, title, type, director, release_date) VALUES ('d2000001-0000-0000-0000-00000000003b', 'O Brother, Where Art Thou?', 'film', 'Ethan Coen', '2000-05-13') ON CONFLICT DO NOTHING;
INSERT INTO screen_media (id, title, type, director, release_date) VALUES ('d2000001-0000-0000-0000-00000000003c', 'Cloud Atlas', 'film', 'Lilly Wachowski', '2012-09-08') ON CONFLICT DO NOTHING;
INSERT INTO screen_media (id, title, type, director, release_date) VALUES ('d2000001-0000-0000-0000-00000000003d', 'Count Dracula', 'film', 'Jesús Franco', '1970-01-01') ON CONFLICT DO NOTHING;
INSERT INTO screen_media (id, title, type, director, release_date) VALUES ('d2000001-0000-0000-0000-00000000003e', 'Dracula', 'film', 'Tod Browning', '1931-11-13') ON CONFLICT DO NOTHING;
INSERT INTO screen_media (id, title, type, director, release_date) VALUES ('d2000001-0000-0000-0000-00000000003f', 'Nosferatu', 'film', 'F. W. Murnau', '1922-03-15') ON CONFLICT DO NOTHING;
INSERT INTO screen_media (id, title, type, director, release_date) VALUES ('d2000001-0000-0000-0000-000000000040', 'Dracula', 'film', 'Terence Fisher', '1958-12-12') ON CONFLICT DO NOTHING;
INSERT INTO screen_media (id, title, type, director, release_date) VALUES ('d2000001-0000-0000-0000-000000000041', 'Jesus', 'film', 'Peter Sykes', '1980-10-19') ON CONFLICT DO NOTHING;
INSERT INTO screen_media (id, title, type, director, release_date) VALUES ('d2000001-0000-0000-0000-000000000042', 'Bram Stoker''s Dracula', 'film', 'Francis Ford Coppola', '1992-11-13') ON CONFLICT DO NOTHING;
INSERT INTO screen_media (id, title, type, director, release_date) VALUES ('d2000001-0000-0000-0000-000000000043', 'Ulysses'' Gaze', 'film', 'Thodoros Angelopoulos', '1995-01-01') ON CONFLICT DO NOTHING;
INSERT INTO screen_media (id, title, type, director, release_date) VALUES ('d2000001-0000-0000-0000-000000000044', 'Dracula', 'film', 'John Badham', '1979-07-13') ON CONFLICT DO NOTHING;
INSERT INTO screen_media (id, title, type, director, release_date) VALUES ('d2000001-0000-0000-0000-000000000045', 'Dracula 2000', 'film', 'Patrick Lussier', '2000-01-01') ON CONFLICT DO NOTHING;
INSERT INTO screen_media (id, title, type, director, release_date) VALUES ('d2000001-0000-0000-0000-000000000046', 'Dracula''s Daughter', 'film', 'Lambert Hillyer', '1936-05-11') ON CONFLICT DO NOTHING;
INSERT INTO screen_media (id, title, type, director, release_date) VALUES ('d2000001-0000-0000-0000-000000000047', 'Dream of the Red Chamber, Part 4', 'film', 'Zhao Yuan', '1989-01-01') ON CONFLICT DO NOTHING;
INSERT INTO screen_media (id, title, type, director, release_date) VALUES ('d2000001-0000-0000-0000-000000000048', 'Hansel and Gretel', 'film', 'Gary J. Tunnicliffe', '2002-01-01') ON CONFLICT DO NOTHING;
INSERT INTO screen_media (id, title, type, director, release_date) VALUES ('d2000001-0000-0000-0000-000000000049', 'The Little Mermaid', 'film', 'Karel Kachyňa', '1976-11-12') ON CONFLICT DO NOTHING;
INSERT INTO screen_media (id, title, type, director, release_date) VALUES ('d2000001-0000-0000-0000-00000000004a', 'The Story of the Stone', 'film', null, '2018-10-19') ON CONFLICT DO NOTHING;
INSERT INTO screen_media (id, title, type, director, release_date) VALUES ('d2000001-0000-0000-0000-00000000004b', 'The Babes in the Woods', 'film', 'Chester M. Franklin', '1917-01-01') ON CONFLICT DO NOTHING;
INSERT INTO screen_media (id, title, type, director, release_date) VALUES ('d2000001-0000-0000-0000-00000000004c', 'Dream of the Red Chamber, Part 5', 'film', 'Zhao Yuan', '1989-01-01') ON CONFLICT DO NOTHING;
INSERT INTO screen_media (id, title, type, director, release_date) VALUES ('d2000001-0000-0000-0000-00000000004d', 'The Tale of the Frog and the Golden Orb', 'film', 'The Chau Ngo', '2022-12-24') ON CONFLICT DO NOTHING;
INSERT INTO screen_media (id, title, type, director, release_date) VALUES ('d2000001-0000-0000-0000-00000000004e', 'As Quatro Chaves Mágicas', 'film', 'Alberto Salvá', '1971-01-01') ON CONFLICT DO NOTHING;
INSERT INTO screen_media (id, title, type, director, release_date) VALUES ('d2000001-0000-0000-0000-00000000004f', 'Grimm''s Snow White', 'film', 'Rachel Lee Goldenberg', '2012-01-01') ON CONFLICT DO NOTHING;
INSERT INTO screen_media (id, title, type, director, release_date) VALUES ('d2000001-0000-0000-0000-000000000050', 'Awakening', 'film', null, null) ON CONFLICT DO NOTHING;

-- ============================================================
-- ADAPTATIONS (from Wikidata)
-- ============================================================
INSERT INTO adaptations (book_id, screen_media_id, adaptation_type, release_year) VALUES ('b2000001-0000-0000-0000-000000000001', 'd2000001-0000-0000-0000-000000000001', 'film', 2025) ON CONFLICT DO NOTHING;
INSERT INTO adaptations (book_id, screen_media_id, adaptation_type, release_year) VALUES ('b2000001-0000-0000-0000-000000000002', 'd2000001-0000-0000-0000-000000000002', 'film', 1958) ON CONFLICT DO NOTHING;
INSERT INTO adaptations (book_id, screen_media_id, adaptation_type, release_year) VALUES ('b2000001-0000-0000-0000-000000000001', 'd2000001-0000-0000-0000-000000000003', 'film', 1987) ON CONFLICT DO NOTHING;
INSERT INTO adaptations (book_id, screen_media_id, adaptation_type, release_year) VALUES ('b2000001-0000-0000-0000-000000000003', 'd2000001-0000-0000-0000-000000000004', 'film', 1935) ON CONFLICT DO NOTHING;
INSERT INTO adaptations (book_id, screen_media_id, adaptation_type, release_year) VALUES ('b2000001-0000-0000-0000-000000000004', 'd2000001-0000-0000-0000-000000000005', 'film', 1974) ON CONFLICT DO NOTHING;
INSERT INTO adaptations (book_id, screen_media_id, adaptation_type, release_year) VALUES ('b2000001-0000-0000-0000-000000000005', 'd2000001-0000-0000-0000-000000000006', 'film', 1974) ON CONFLICT DO NOTHING;
INSERT INTO adaptations (book_id, screen_media_id, adaptation_type, release_year) VALUES ('b2000001-0000-0000-0000-000000000006', 'd2000001-0000-0000-0000-000000000007', 'film', 2023) ON CONFLICT DO NOTHING;
INSERT INTO adaptations (book_id, screen_media_id, adaptation_type, release_year) VALUES ('b2000001-0000-0000-0000-000000000007', 'd2000001-0000-0000-0000-000000000008', 'film', 1963) ON CONFLICT DO NOTHING;
INSERT INTO adaptations (book_id, screen_media_id, adaptation_type, release_year) VALUES ('b2000001-0000-0000-0000-000000000008', 'd2000001-0000-0000-0000-000000000009', 'film', 2013) ON CONFLICT DO NOTHING;
INSERT INTO adaptations (book_id, screen_media_id, adaptation_type, release_year) VALUES ('b2000001-0000-0000-0000-000000000009', 'd2000001-0000-0000-0000-00000000000a', 'film', 1983) ON CONFLICT DO NOTHING;
INSERT INTO adaptations (book_id, screen_media_id, adaptation_type, release_year) VALUES ('b2000001-0000-0000-0000-00000000000a', 'd2000001-0000-0000-0000-00000000000b', 'film', 1973) ON CONFLICT DO NOTHING;
INSERT INTO adaptations (book_id, screen_media_id, adaptation_type, release_year) VALUES ('b2000001-0000-0000-0000-00000000000b', 'd2000001-0000-0000-0000-00000000000c', 'film', 1983) ON CONFLICT DO NOTHING;
INSERT INTO adaptations (book_id, screen_media_id, adaptation_type, release_year) VALUES ('b2000001-0000-0000-0000-000000000009', 'd2000001-0000-0000-0000-00000000000d', 'film', 1960) ON CONFLICT DO NOTHING;
INSERT INTO adaptations (book_id, screen_media_id, adaptation_type, release_year) VALUES ('b2000001-0000-0000-0000-00000000000c', 'd2000001-0000-0000-0000-00000000000e', 'film', 1963) ON CONFLICT DO NOTHING;
INSERT INTO adaptations (book_id, screen_media_id, adaptation_type, release_year) VALUES ('b2000001-0000-0000-0000-00000000000d', 'd2000001-0000-0000-0000-00000000000f', 'film', 1912) ON CONFLICT DO NOTHING;
INSERT INTO adaptations (book_id, screen_media_id, adaptation_type, release_year) VALUES ('b2000001-0000-0000-0000-00000000000e', 'd2000001-0000-0000-0000-000000000010', 'film', 1941) ON CONFLICT DO NOTHING;
INSERT INTO adaptations (book_id, screen_media_id, adaptation_type, release_year) VALUES ('b2000001-0000-0000-0000-000000000003', 'd2000001-0000-0000-0000-000000000011', 'film', 1963) ON CONFLICT DO NOTHING;
INSERT INTO adaptations (book_id, screen_media_id, adaptation_type, release_year) VALUES ('b2000001-0000-0000-0000-000000000006', 'd2000001-0000-0000-0000-000000000012', 'film', 2023) ON CONFLICT DO NOTHING;
INSERT INTO adaptations (book_id, screen_media_id, adaptation_type, release_year) VALUES ('b2000001-0000-0000-0000-00000000000f', 'd2000001-0000-0000-0000-000000000013', 'film', 2021) ON CONFLICT DO NOTHING;
INSERT INTO adaptations (book_id, screen_media_id, adaptation_type, release_year) VALUES ('b2000001-0000-0000-0000-00000000000f', 'd2000001-0000-0000-0000-000000000014', 'film', 1970) ON CONFLICT DO NOTHING;
INSERT INTO adaptations (book_id, screen_media_id, adaptation_type, release_year) VALUES ('b2000001-0000-0000-0000-000000000006', 'd2000001-0000-0000-0000-000000000015', 'film', 1978) ON CONFLICT DO NOTHING;
INSERT INTO adaptations (book_id, screen_media_id, adaptation_type, release_year) VALUES ('b2000001-0000-0000-0000-000000000005', 'd2000001-0000-0000-0000-000000000016', 'film', 1966) ON CONFLICT DO NOTHING;
INSERT INTO adaptations (book_id, screen_media_id, adaptation_type, release_year) VALUES ('b2000001-0000-0000-0000-000000000004', 'd2000001-0000-0000-0000-000000000017', 'film', 1957) ON CONFLICT DO NOTHING;
INSERT INTO adaptations (book_id, screen_media_id, adaptation_type, release_year) VALUES ('b2000001-0000-0000-0000-000000000004', 'd2000001-0000-0000-0000-000000000018', 'film', 2011) ON CONFLICT DO NOTHING;
INSERT INTO adaptations (book_id, screen_media_id, adaptation_type, release_year) VALUES ('b2000001-0000-0000-0000-000000000010', 'd2000001-0000-0000-0000-000000000019', 'film', 2012) ON CONFLICT DO NOTHING;
INSERT INTO adaptations (book_id, screen_media_id, adaptation_type, release_year) VALUES ('b2000001-0000-0000-0000-000000000004', 'd2000001-0000-0000-0000-00000000001a', 'film', 2019) ON CONFLICT DO NOTHING;
INSERT INTO adaptations (book_id, screen_media_id, adaptation_type, release_year) VALUES ('b2000001-0000-0000-0000-000000000012', 'd2000001-0000-0000-0000-00000000001b', 'film', 1987) ON CONFLICT DO NOTHING;
INSERT INTO adaptations (book_id, screen_media_id, adaptation_type, release_year) VALUES ('b2000001-0000-0000-0000-000000000013', 'd2000001-0000-0000-0000-00000000001c', 'film', 1924) ON CONFLICT DO NOTHING;
INSERT INTO adaptations (book_id, screen_media_id, adaptation_type, release_year) VALUES ('b2000001-0000-0000-0000-000000000014', 'd2000001-0000-0000-0000-00000000001d', 'film', 2010) ON CONFLICT DO NOTHING;
INSERT INTO adaptations (book_id, screen_media_id, adaptation_type, release_year) VALUES ('b2000001-0000-0000-0000-000000000013', 'd2000001-0000-0000-0000-00000000001e', 'film', 1962) ON CONFLICT DO NOTHING;
INSERT INTO adaptations (book_id, screen_media_id, adaptation_type, release_year) VALUES ('b2000001-0000-0000-0000-000000000012', 'd2000001-0000-0000-0000-00000000001f', 'film', 2013) ON CONFLICT DO NOTHING;
INSERT INTO adaptations (book_id, screen_media_id, adaptation_type, release_year) VALUES ('b2000001-0000-0000-0000-000000000012', 'd2000001-0000-0000-0000-000000000020', 'film', 1954) ON CONFLICT DO NOTHING;
INSERT INTO adaptations (book_id, screen_media_id, adaptation_type, release_year) VALUES ('b2000001-0000-0000-0000-000000000016', 'd2000001-0000-0000-0000-000000000021', 'film', 2012) ON CONFLICT DO NOTHING;
INSERT INTO adaptations (book_id, screen_media_id, adaptation_type, release_year) VALUES ('b2000001-0000-0000-0000-000000000017', 'd2000001-0000-0000-0000-000000000022', 'film', 1987) ON CONFLICT DO NOTHING;
INSERT INTO adaptations (book_id, screen_media_id, adaptation_type, release_year) VALUES ('b2000001-0000-0000-0000-000000000012', 'd2000001-0000-0000-0000-000000000023', 'film', 1954) ON CONFLICT DO NOTHING;
INSERT INTO adaptations (book_id, screen_media_id, adaptation_type, release_year) VALUES ('b2000001-0000-0000-0000-000000000018', 'd2000001-0000-0000-0000-000000000024', 'film', 1948) ON CONFLICT DO NOTHING;
INSERT INTO adaptations (book_id, screen_media_id, adaptation_type, release_year) VALUES ('b2000001-0000-0000-0000-000000000019', 'd2000001-0000-0000-0000-000000000025', 'film', 2012) ON CONFLICT DO NOTHING;
INSERT INTO adaptations (book_id, screen_media_id, adaptation_type, release_year) VALUES ('b2000001-0000-0000-0000-00000000001a', 'd2000001-0000-0000-0000-000000000026', 'film', 2012) ON CONFLICT DO NOTHING;
INSERT INTO adaptations (book_id, screen_media_id, adaptation_type, release_year) VALUES ('b2000001-0000-0000-0000-000000000019', 'd2000001-0000-0000-0000-000000000027', 'film', 1995) ON CONFLICT DO NOTHING;
INSERT INTO adaptations (book_id, screen_media_id, adaptation_type, release_year) VALUES ('b2000001-0000-0000-0000-00000000001b', 'd2000001-0000-0000-0000-000000000028', 'film', 1996) ON CONFLICT DO NOTHING;
INSERT INTO adaptations (book_id, screen_media_id, adaptation_type, release_year) VALUES ('b2000001-0000-0000-0000-000000000014', 'd2000001-0000-0000-0000-000000000029', 'film', 1961) ON CONFLICT DO NOTHING;
INSERT INTO adaptations (book_id, screen_media_id, adaptation_type, release_year) VALUES ('b2000001-0000-0000-0000-00000000001c', 'd2000001-0000-0000-0000-00000000002a', 'film', 2007) ON CONFLICT DO NOTHING;
INSERT INTO adaptations (book_id, screen_media_id, adaptation_type, release_year) VALUES ('b2000001-0000-0000-0000-000000000015', 'd2000001-0000-0000-0000-00000000002b', 'film', 1965) ON CONFLICT DO NOTHING;
INSERT INTO adaptations (book_id, screen_media_id, adaptation_type, release_year) VALUES ('b2000001-0000-0000-0000-00000000001b', 'd2000001-0000-0000-0000-00000000002c', 'film', 2000) ON CONFLICT DO NOTHING;
INSERT INTO adaptations (book_id, screen_media_id, adaptation_type, release_year) VALUES ('b2000001-0000-0000-0000-000000000019', 'd2000001-0000-0000-0000-00000000002d', 'film', 2007) ON CONFLICT DO NOTHING;
INSERT INTO adaptations (book_id, screen_media_id, adaptation_type, release_year) VALUES ('b2000001-0000-0000-0000-000000000019', 'd2000001-0000-0000-0000-00000000002e', 'film', 2012) ON CONFLICT DO NOTHING;
INSERT INTO adaptations (book_id, screen_media_id, adaptation_type, release_year) VALUES ('b2000001-0000-0000-0000-000000000013', 'd2000001-0000-0000-0000-00000000002f', 'film', 1956) ON CONFLICT DO NOTHING;
INSERT INTO adaptations (book_id, screen_media_id, adaptation_type, release_year) VALUES ('b2000001-0000-0000-0000-00000000001d', 'd2000001-0000-0000-0000-000000000030', 'film', 1976) ON CONFLICT DO NOTHING;
INSERT INTO adaptations (book_id, screen_media_id, adaptation_type, release_year) VALUES ('b2000001-0000-0000-0000-000000000019', 'd2000001-0000-0000-0000-000000000031', 'film', 1987) ON CONFLICT DO NOTHING;
INSERT INTO adaptations (book_id, screen_media_id, adaptation_type, release_year) VALUES ('b2000001-0000-0000-0000-00000000001d', 'd2000001-0000-0000-0000-000000000032', 'film', 1966) ON CONFLICT DO NOTHING;
INSERT INTO adaptations (book_id, screen_media_id, adaptation_type, release_year) VALUES ('b2000001-0000-0000-0000-000000000017', 'd2000001-0000-0000-0000-000000000033', 'film', 1980) ON CONFLICT DO NOTHING;
INSERT INTO adaptations (book_id, screen_media_id, adaptation_type, release_year) VALUES ('b2000001-0000-0000-0000-000000000019', 'd2000001-0000-0000-0000-000000000034', 'film', 1970) ON CONFLICT DO NOTHING;
INSERT INTO adaptations (book_id, screen_media_id, adaptation_type, release_year) VALUES ('b2000001-0000-0000-0000-000000000013', 'd2000001-0000-0000-0000-000000000035', 'film', 2004) ON CONFLICT DO NOTHING;
INSERT INTO adaptations (book_id, screen_media_id, adaptation_type, release_year) VALUES ('b2000001-0000-0000-0000-000000000019', 'd2000001-0000-0000-0000-000000000036', 'film', 1962) ON CONFLICT DO NOTHING;
INSERT INTO adaptations (book_id, screen_media_id, adaptation_type, release_year) VALUES ('b2000001-0000-0000-0000-00000000001e', 'd2000001-0000-0000-0000-000000000037', 'film', 2001) ON CONFLICT DO NOTHING;
INSERT INTO adaptations (book_id, screen_media_id, adaptation_type, release_year) VALUES ('b2000001-0000-0000-0000-00000000001f', 'd2000001-0000-0000-0000-000000000038', 'film', 1979) ON CONFLICT DO NOTHING;
INSERT INTO adaptations (book_id, screen_media_id, adaptation_type, release_year) VALUES ('b2000001-0000-0000-0000-00000000001f', 'd2000001-0000-0000-0000-000000000039', 'film', 1974) ON CONFLICT DO NOTHING;
INSERT INTO adaptations (book_id, screen_media_id, adaptation_type, release_year) VALUES ('b2000001-0000-0000-0000-000000000020', 'd2000001-0000-0000-0000-00000000003a', 'film', 1963) ON CONFLICT DO NOTHING;
INSERT INTO adaptations (book_id, screen_media_id, adaptation_type, release_year) VALUES ('b2000001-0000-0000-0000-000000000021', 'd2000001-0000-0000-0000-00000000003b', 'film', 2000) ON CONFLICT DO NOTHING;
INSERT INTO adaptations (book_id, screen_media_id, adaptation_type, release_year) VALUES ('b2000001-0000-0000-0000-000000000022', 'd2000001-0000-0000-0000-00000000003c', 'film', 2012) ON CONFLICT DO NOTHING;
INSERT INTO adaptations (book_id, screen_media_id, adaptation_type, release_year) VALUES ('b2000001-0000-0000-0000-00000000001f', 'd2000001-0000-0000-0000-00000000003d', 'film', 1970) ON CONFLICT DO NOTHING;
INSERT INTO adaptations (book_id, screen_media_id, adaptation_type, release_year) VALUES ('b2000001-0000-0000-0000-00000000001f', 'd2000001-0000-0000-0000-00000000003e', 'film', 1931) ON CONFLICT DO NOTHING;
INSERT INTO adaptations (book_id, screen_media_id, adaptation_type, release_year) VALUES ('b2000001-0000-0000-0000-00000000001f', 'd2000001-0000-0000-0000-00000000003f', 'film', 1922) ON CONFLICT DO NOTHING;
INSERT INTO adaptations (book_id, screen_media_id, adaptation_type, release_year) VALUES ('b2000001-0000-0000-0000-00000000001f', 'd2000001-0000-0000-0000-000000000040', 'film', 1958) ON CONFLICT DO NOTHING;
INSERT INTO adaptations (book_id, screen_media_id, adaptation_type, release_year) VALUES ('b2000001-0000-0000-0000-000000000023', 'd2000001-0000-0000-0000-000000000041', 'film', 1980) ON CONFLICT DO NOTHING;
INSERT INTO adaptations (book_id, screen_media_id, adaptation_type, release_year) VALUES ('b2000001-0000-0000-0000-00000000001f', 'd2000001-0000-0000-0000-000000000042', 'film', 1992) ON CONFLICT DO NOTHING;
INSERT INTO adaptations (book_id, screen_media_id, adaptation_type, release_year) VALUES ('b2000001-0000-0000-0000-000000000021', 'd2000001-0000-0000-0000-000000000043', 'film', 1995) ON CONFLICT DO NOTHING;
INSERT INTO adaptations (book_id, screen_media_id, adaptation_type, release_year) VALUES ('b2000001-0000-0000-0000-00000000001f', 'd2000001-0000-0000-0000-000000000044', 'film', 1979) ON CONFLICT DO NOTHING;
INSERT INTO adaptations (book_id, screen_media_id, adaptation_type, release_year) VALUES ('b2000001-0000-0000-0000-00000000001f', 'd2000001-0000-0000-0000-000000000045', 'film', 2000) ON CONFLICT DO NOTHING;
INSERT INTO adaptations (book_id, screen_media_id, adaptation_type, release_year) VALUES ('b2000001-0000-0000-0000-00000000001f', 'd2000001-0000-0000-0000-000000000046', 'film', 1936) ON CONFLICT DO NOTHING;
INSERT INTO adaptations (book_id, screen_media_id, adaptation_type, release_year) VALUES ('b2000001-0000-0000-0000-000000000024', 'd2000001-0000-0000-0000-000000000047', 'film', 1989) ON CONFLICT DO NOTHING;
INSERT INTO adaptations (book_id, screen_media_id, adaptation_type, release_year) VALUES ('b2000001-0000-0000-0000-000000000012', 'd2000001-0000-0000-0000-000000000048', 'film', 2002) ON CONFLICT DO NOTHING;
INSERT INTO adaptations (book_id, screen_media_id, adaptation_type, release_year) VALUES ('b2000001-0000-0000-0000-00000000001d', 'd2000001-0000-0000-0000-000000000049', 'film', 1976) ON CONFLICT DO NOTHING;
INSERT INTO adaptations (book_id, screen_media_id, adaptation_type, release_year) VALUES ('b2000001-0000-0000-0000-000000000024', 'd2000001-0000-0000-0000-00000000004a', 'film', 2018) ON CONFLICT DO NOTHING;
INSERT INTO adaptations (book_id, screen_media_id, adaptation_type, release_year) VALUES ('b2000001-0000-0000-0000-000000000012', 'd2000001-0000-0000-0000-00000000004b', 'film', 1917) ON CONFLICT DO NOTHING;
INSERT INTO adaptations (book_id, screen_media_id, adaptation_type, release_year) VALUES ('b2000001-0000-0000-0000-000000000024', 'd2000001-0000-0000-0000-00000000004c', 'film', 1989) ON CONFLICT DO NOTHING;
INSERT INTO adaptations (book_id, screen_media_id, adaptation_type, release_year) VALUES ('b2000001-0000-0000-0000-000000000025', 'd2000001-0000-0000-0000-00000000004d', 'film', 2022) ON CONFLICT DO NOTHING;
INSERT INTO adaptations (book_id, screen_media_id, adaptation_type, release_year) VALUES ('b2000001-0000-0000-0000-000000000012', 'd2000001-0000-0000-0000-00000000004e', 'film', 1971) ON CONFLICT DO NOTHING;
INSERT INTO adaptations (book_id, screen_media_id, adaptation_type, release_year) VALUES ('b2000001-0000-0000-0000-000000000019', 'd2000001-0000-0000-0000-00000000004f', 'film', 2012) ON CONFLICT DO NOTHING;
INSERT INTO adaptations (book_id, screen_media_id, adaptation_type, release_year) VALUES ('b2000001-0000-0000-0000-000000000024', 'd2000001-0000-0000-0000-000000000050', 'film', null) ON CONFLICT DO NOTHING;
